Palavra,Contagem
destruction,3.0
septic,2.0
settings,39.0
disrupting,30.0
distinct,5.0
identified,48.0
helper,3.0
prkg2,2.0
type,78.0
myelodysplastic,4.0
biomarker,13.0
substance,2.0
fastchannel,2.0
hyperactivation,2.0
partly,2.0
migration,24.0
conventional,12.0
immunotherapies,4.0
populations,4.0
immune,56.0
immunosuppressive,5.0
showed,4.0
via,25.0
neuroprotection,7.0
oncogene,6.0
hallmark,2.0
destabilizing,2.0
overcoming,20.0
nontarget,2.0
sensitize,9.0
suppresses,6.0
regulation,88.0
optimization,8.0
employing,2.0
eif4g,2.0
provided,35.0
instability,2.0
igan,9.0
atopic,6.0
assays,7.0
tau,5.0
aging,45.0
immunotherapy,10.0
delay,8.0
valve,3.0
heat,3.0
suppression,14.0
mechanism,38.0
trap,2.0
approved,30.0
c1inhibitor,3.0
end,89.0
practice,2.0
elicit,2.0
positive,10.0
mixed,3.0
stabilize,5.0
gains,33.0
interacts,3.0
reverse,6.0
circadian,2.0
bronchial,2.0
circulatory,2.0
approximately,4.0
any,31.0
melanoma,12.0
prostatic,6.0
compounds,88.0
kappa,3.0
epigenetic,6.0
includes,7.0
adaptive,2.0
myocardial,6.0
interaction,27.0
programmed,3.0
bioavailability,8.0
thereby,55.0
tnf,5.0
modifications,3.0
marker,16.0
arteriosclerosis,4.0
tnbc,2.0
scaffolds,2.0
cyclindependent,4.0
cardiac,14.0
nervous,14.0
overexpressed,23.0
subfamily,3.0
details,9.0
nonsmall,18.0
unintended,22.0
phenotype,11.0
density,7.0
potency,16.0
achieving,6.0
hope,13.0
triglyceride,2.0
progression,78.0
exploit,2.0
g2m,2.0
retinal,4.0
nephropathy,3.0
erythroblastic,3.0
mapkerk,2.0
enter,20.0
prone,2.0
nociception,2.0
improved,15.0
contributing,22.0
nhl,3.0
allowing,4.0
wntcatenin,7.0
immunerelated,2.0
count,7.0
ecm,2.0
controlling,3.0
artery,4.0
15a,3.0
mutase,2.0
significance,16.0
neuron,17.0
nonselective,4.0
cellbased,2.0
than,6.0
observed,25.0
amplification,7.0
maintain,20.0
nonreceptor,3.0
p2x7,2.0
helps,2.0
redox,3.0
graft,6.0
neuropsychological,3.0
angiogenesis,13.0
repurposed,5.0
intermediates,2.0
selfrenewal,2.0
ovarian,16.0
ck1,2.0
transformation,27.0
damage,35.0
rna,23.0
autosomal,19.0
estrogen,4.0
basal,2.0
personalized,2.0
psychology,2.0
entered,16.0
cytoskeletal,3.0
phenotypes,5.0
epsteinbarr,4.0
drive,12.0
sensor,4.0
biomarkers,8.0
malignant,4.0
developing,17.0
explored,66.0
value,4.0
neck,5.0
advantage,5.0
promotes,15.0
severity,6.0
difficult,2.0
proteostasis,3.0
disruptions,5.0
those,44.0
biased,2.0
channels,4.0
hurdle,3.0
carcinogenesis,3.0
sensorineural,2.0
endothelial,8.0
pancreatic,18.0
ibd,4.0
hypertrophy,3.0
interfere,4.0
smooth,4.0
parp,3.0
ligases,2.0
cco,2.0
profiling,2.0
altering,6.0
achieved,4.0
welltolerated,11.0
fibroblast,6.0
towards,3.0
polyneuropathy,2.0
induction,5.0
anxiety,6.0
hydroxysteroid,4.0
infections,27.0
prevent,46.0
impacts,11.0
reduction,11.0
differentiated,2.0
protacs,3.0
contexts,5.0
androgen,3.0
evade,2.0
supported,2.0
local,6.0
dose,15.0
occupational,2.0
inhibits,10.0
due,97.0
future,13.0
corneal,2.0
unwanted,2.0
dnadamaging,3.0
remains,17.0
flavonoids,3.0
cytotoxicity,8.0
aki,80.0
carbohydrate,3.0
spectrum,5.0
documented,39.0
morphine,2.0
mitotic,5.0
highlights,22.0
ejection,2.0
caspase,2.0
14b,2.0
behaviors,6.0
pka,3.0
chemosensitivity,2.0
avenues,18.0
broad,40.0
potentials,2.0
product,20.0
competitive,9.0
thrombus,2.0
derivative,11.0
suppressor,8.0
manageable,5.0
encephalopathy,6.0
toxic,63.0
polyphenol,3.0
gamma,5.0
actively,4.0
depending,9.0
sexual,3.0
improve,64.0
generally,13.0
biosynthetic,3.0
dimerization,2.0
did,38.0
japan,2.0
morbidities,2.0
protection,16.0
remission,3.0
ataxia,12.0
led,67.0
types,23.0
folding,5.0
ensure,16.0
phases,51.0
mediators,2.0
fail,13.0
now,36.0
catabolism,2.0
reduces,11.0
stressinduced,3.0
reactions,8.0
treated,3.0
given,39.0
alleviate,4.0
kinase,66.0
feeding,2.0
necessitates,5.0
exchange,3.0
them,51.0
cytokines,9.0
osteosarcoma,8.0
component,19.0
leukemias,3.0
son,19.0
considered,15.0
raise,2.0
carotid,2.0
osteoarthritis,4.0
alleviating,6.0
left,3.0
lymphocyte,3.0
tyrosineprotein,6.0
hif1,2.0
lupus,7.0
infection,29.0
broaden,4.0
frontotemporal,2.0
fatigue,5.0
hypertensioncomplications,2.0
facilitating,5.0
factor,25.0
hypoplasia,3.0
oligonucleotides,4.0
attack,3.0
chemoresistance,11.0
repression,3.0
metastasis,29.0
deafness,6.0
multisystem,2.0
statin,3.0
spermatogenesis,2.0
neoplasm,90.0
developmental,20.0
thyroid,9.0
patients,33.0
factors,4.0
betacells,2.0
overlap,2.0
hydrolysis,2.0
allosteric,8.0
sick,4.0
unmet,2.0
similarly,16.0
common,31.0
worth,2.0
methyltransferase,6.0
permeability,3.0
repurposing,2.0
outcomes,58.0
occurs,2.0
through,58.0
transmission,4.0
linking,2.0
provide,51.0
chain,5.0
highlighting,34.0
hepatitis,6.0
interact,34.0
received,6.0
colorectal,30.0
fundamental,5.0
nanomolar,3.0
advancements,3.0
cardiovascular,28.0
indicate,9.0
etc159,2.0
vegf,3.0
dyrk,3.0
peripheral,8.0
smallmolecule,10.0
peptide,15.0
imperfecta,3.0
enhanced,10.0
combining,2.0
moreover,3.0
cocaine,2.0
successfully,2.0
steroids,3.0
psoriasis,6.0
splicing,2.0
cascade,4.0
molecule,69.0
endogenous,2.0
within,4.0
focus,63.0
abdominal,5.0
remain,37.0
breast,72.0
ciliary,2.0
hormonal,5.0
cognitive,14.0
recovery,2.0
transplantation,6.0
limiting,7.0
aneuploidy,4.0
deficiencies,2.0
group,5.0
ldlc,2.0
mitigating,11.0
cells,100.0
fdaapproved,5.0
imbalance,4.0
presence,6.0
forms,11.0
influencing,10.0
triggers,3.0
change,9.0
aggressiveness,2.0
antiinflammatory,9.0
idiopathic,3.0
focuses,5.0
neurodegeneration,8.0
risks,5.0
signaling,77.0
summary,38.0
hematologic,31.0
downregulate,3.0
scleroderma,2.0
evaluations,6.0
marked,3.0
embryonic,2.0
replication,7.0
intrinsic,3.0
maintenance,2.0
mortality,2.0
detrimental,4.0
ligase,3.0
suggesting,66.0
approaches,9.0
reprogram,6.0
dependent,26.0
prevention,5.0
agonist,24.0
inflammation,56.0
conformation,2.0
radiation,4.0
gut,2.0
who,4.0
exhibiting,3.0
rans,79.0
disrupt,59.0
inactivation,2.0
lysis,15.0
stimulation,2.0
translocation,3.0
stable,2.0
exerting,2.0
overactivation,2.0
aortic,4.0
dengue,2.0
hematological,16.0
immunity,6.0
physiological,29.0
transcript,19.0
dn2,2.0
amyotrophic,5.0
cd4,2.0
exert,5.0
insufficiency,3.0
consideration,27.0
atrial,2.0
involvement,23.0
analgesia,2.0
invasiveness,2.0
central,14.0
pipeline,9.0
adenocarcinoma,24.0
rash,4.0
highaffinity,2.0
multitarget,2.0
modulators,14.0
kidney,12.0
iap,6.0
even,61.0
synthesis,18.0
vascular,35.0
social,2.0
depression,6.0
earlystage,2.0
respond,3.0
underscores,9.0
must,9.0
step,3.0
arise,15.0
expanded,2.0
alternatives,3.0
bones,2.0
brd4,2.0
disabilities,2.0
cancerous,3.0
stem,55.0
protective,17.0
tolerated,13.0
intellectual,11.0
tolerance,3.0
arthropathy,2.0
dont,2.0
axon,4.0
selectivities,2.0
firstinclass,2.0
falciparum,3.0
early,65.0
prostate,30.0
osteoporosis,4.0
modulating,70.0
rely,2.0
elevated,7.0
ocular,4.0
bile,3.0
infantile,4.0
outgrowth,2.0
ceroid,3.0
remodeling,10.0
turnover,2.0
fda,9.0
neurodevelopmental,3.0
refine,4.0
field,3.0
hypertension,9.0
critical,71.0
mcl,3.0
causing,7.0
il1,4.0
disturbances,8.0
weakened,2.0
reducing,97.0
issues,29.0
cerebral,4.0
maintaining,19.0
nae,2.0
arterial,2.0
setting,40.0
p2x,3.0
design,27.0
45bisphosphate,2.0
mineral,3.0
phospholipid,2.0
ligand,8.0
management,22.0
inadequate,2.0
barrier,8.0
glomerular,3.0
removal,2.0
prolonging,2.0
doses,5.0
12a,2.0
organization,2.0
directly,4.0
vessel,3.0
favor,27.0
org,9.0
dynamics,5.0
bloodbrain,6.0
pyruvate,2.0
laboratory,2.0
atpbinding,4.0
cgmpdependent,2.0
ampk,2.0
glioblastoma,16.0
jnk,2.0
mir,3.0
pigmentosa,6.0
lipid,17.0
scores,10.0
respectively,2.0
focusing,21.0
influence,21.0
extensively,39.0
histocompatibility,2.0
completed,3.0
options,15.0
resulting,5.0
determine,4.0
pleiotropic,2.0
ubiquitin,6.0
behcet,2.0
sensitizes,2.0
exploring,4.0
druglike,4.0
chromatin,4.0
production,17.0
neurodegenerative,41.0
areas,10.0
paralogs,2.0
rapid,7.0
neuropsychiatric,7.0
ckd,5.0
conserved,2.0
silencing,3.0
valuable,15.0
erk12,2.0
generation,23.0
leucine,2.0
successful,7.0
proposed,9.0
progress,96.0
tkis,4.0
emerging,10.0
disrupts,4.0
circulation,2.0
absence,2.0
traditionally,2.0
tooth,4.0
agent,88.0
regeneration,4.0
lines,8.0
newer,6.0
lowdensity,3.0
neuroblastoma,8.0
infarction,4.0
protein,91.0
nucleus,2.0
stressrelated,4.0
cataract,5.0
shock,5.0
antidepressant,4.0
covid19,2.0
interleukin1,2.0
immunology,2.0
cutaneous,4.0
antibody,4.0
metabolic,35.0
innate,3.0
deregulated,4.0
across,12.0
giant,4.0
axis,8.0
follicular,4.0
colitis,8.0
addiction,5.0
nonspecific,2.0
relatively,3.0
myeloproliferative,2.0
antibodies,6.0
signal,79.0
advances,3.0
realize,11.0
structurebased,3.0
acetyltransferase,2.0
facilitates,2.0
calciumcalmodulindependent,2.0
previous,3.0
excessive,13.0
pulmonary,9.0
endometrial,7.0
hemangioma,2.0
switch,3.0
organs,2.0
proteinprotein,3.0
antisense,5.0
prompting,2.0
reaction,9.0
rod,71.0
specifically,16.0
libraries,2.0
vascularization,2.0
complete,4.0
impact,24.0
acc,21.0
after,2.0
demonstrates,3.0
preserving,4.0
pathology,7.0
natural,13.0
antiproliferative,8.0
epithelial,8.0
plasmodium,4.0
adenoid,2.0
derivatives,9.0
first,10.0
number,4.0
tumors,47.0
macrophage,6.0
clearance,3.0
leiomyoma,2.0
division,4.0
survival,62.0
bring,4.0
sepsis,5.0
formation,69.0
her2,7.0
restriction,2.0
pim,2.0
secondary,2.0
weight,7.0
preliminary,2.0
trans,79.0
muscles,2.0
cause,14.0
toxin,3.0
inhibited,4.0
ubiquitination,2.0
neuroprotective,6.0
activation,55.0
sodium,2.0
phosphorylating,4.0
variants,3.0
radiotherapy,2.0
ldl,3.0
nausea,3.0
substrate,8.0
digestive,2.0
phosphorylation,20.0
oligonucleotide,5.0
cleft,2.0
growth,96.0
dysplasia,5.0
addressing,11.0
multiple,50.0
metabolism,36.0
skeletal,6.0
cytokine,14.0
modifying,2.0
demonstrate,80.0
effectively,23.0
mediator,6.0
capillary,2.0
sclc,7.0
coronary,9.0
efforts,23.0
evasion,2.0
strategies,24.0
converting,2.0
lower,14.0
disrupted,5.0
panpim,2.0
encephalitis,2.0
oxidase,2.0
systems,9.0
bcl2,5.0
valproate,2.0
symptoms,22.0
fibril,5.0
scaffold,4.0
dominant,16.0
iib,2.0
cycle,24.0
serious,4.0
binding,35.0
imbalances,3.0
cytotoxic,10.0
but,79.0
visceral,2.0
enzyme,46.0
deficit,7.0
ewing,3.0
plasticity,4.0
available,22.0
myopathy,8.0
relapse,4.0
dissect,2.0
platelet,5.0
charcotmarietooth,2.0
psc,2.0
ischemiareperfusion,3.0
squamous,16.0
exists,2.0
necessary,51.0
activated,19.0
glycolytic,5.0
rescuing,2.0
ras,38.0
defects,6.0
11a,2.0
deficient,4.0
congenital,10.0
lapatinib,2.0
parathyroid,2.0
foundation,3.0
abnormalities,18.0
require,19.0
convert,4.0
improving,42.0
breakdown,2.0
tissue,28.0
mood,7.0
dysfunction,18.0
complexity,3.0
hyperphosphorylation,4.0
predominantly,6.0
block,31.0
offering,45.0
success,12.0
antagonist,17.0
17betahydroxysteroid,3.0
chemotherapeutic,12.0
mitochondrial,12.0
genes,66.0
hypogonadotropic,2.0
sites,3.0
therapies,89.0
harness,4.0
extracellular,7.0
does,8.0
predictive,3.0
mg63,2.0
autistic,11.0
attacks,2.0
microtubule,2.0
treatments,66.0
make,39.0
contact,2.0
intracellular,6.0
alkaline,2.0
lung,47.0
correlating,3.0
leads,14.0
bloodstream,2.0
dyrk1a,2.0
effective,70.0
regulator,22.0
dividing,2.0
neurons,3.0
myeloid,22.0
negative,17.0
eye,5.0
validated,2.0
hurdles,2.0
pathogenesis,18.0
hydrolase,4.0
compared,20.0
machinery,2.0
teratoma,2.0
driven,9.0
some,80.0
studies,96.0
mtor,8.0
excitability,2.0
species,5.0
precursor,6.0
structureactivity,2.0
pharmacokinetic,19.0
exact,2.0
attention,2.0
negatively,3.0
bay,4.0
bowel,8.0
viruses,3.0
mammary,2.0
gtpase,2.0
around,6.0
aml,14.0
lateral,5.0
worse,3.0
drugresistant,2.0
thoroughly,3.0
against,32.0
noted,5.0
complex,21.0
protect,36.0
population,5.0
cardiomyocyte,2.0
cerebellar,6.0
developed,38.0
endocrine,5.0
enhances,13.0
dlbcl,3.0
polymorphisms,3.0
counteract,3.0
risk,23.0
pathogens,2.0
growing,2.0
stomach,5.0
adult,2.0
itself,2.0
indications,2.0
reperfusion,3.0
hodgkin,12.0
reached,5.0
hormones,2.0
resistance,70.0
sex,4.0
coupled,4.0
hypogonadism,3.0
delayed,2.0
follow,5.0
dependency,2.0
diversity,2.0
tract,22.0
free,3.0
hepatocyte,3.0
presentation,4.0
antifibrotic,2.0
address,27.0
cardiomyopathy,7.0
tauopathies,2.0
celiac,3.0
two,6.0
protecting,7.0
physiology,6.0
encoded,5.0
surface,3.0
states,6.0
plasma,2.0
influences,7.0
anoikis,2.0
g1s,2.0
seizures,4.0
attenuate,7.0
narcolepsy,2.0
failure,12.0
disability,5.0
features,3.0
autoimmunity,2.0
ontarget,5.0
aneurysm,2.0
extends,5.0
mds,2.0
hdlblood,9.0
pi3kakt,10.0
noonan,2.0
syncytial,3.0
highlighted,5.0
sources,42.0
myasthenic,2.0
lymphocytes,2.0
combined,10.0
tolerability,7.0
experimental,10.0
epileptic,5.0
feature,7.0
suggests,50.0
venetoclax,5.0
possibly,5.0
neddylation,2.0
cisplatin,2.0
stability,13.0
functions,37.0
variety,18.0
sustained,3.0
established,2.0
acid,19.0
misfolding,4.0
seen,14.0
confirm,6.0
spinocerebellar,2.0
lossoffunction,2.0
standard,5.0
isomerase,3.0
members,3.0
guide,3.0
dosage,2.0
silenced,4.0
area,40.0
found,13.0
designed,16.0
hip,6.0
cdk1,2.0
hepatic,9.0
discovery,64.0
vast,4.0
synthetic,9.0
resorption,2.0
into,43.0
reactive,6.0
behavioral,2.0
spindle,2.0
poststroke,2.0
nb004,2.0
indicating,54.0
testing,8.0
paroxysmal,2.0
existing,39.0
hypotonia,3.0
erdafitinib,2.0
intrahepatic,2.0
invasion,16.0
repair,13.0
inactive,3.0
neuropathic,3.0
avenue,53.0
markedly,2.0
glioma,14.0
neutropenia,3.0
suitable,5.0
chaperone,4.0
ibrutinib,2.0
managed,6.0
ischemic,4.0
noncancerous,2.0
experiencing,2.0
endosomes,2.0
requires,5.0
dilated,3.0
treatmentresistant,2.0
polymorphism,4.0
incidence,3.0
one,78.0
low,37.0
although,41.0
spastic,4.0
traditional,17.0
candidates,30.0
dysregulation,33.0
xenobiotic,2.0
clear,15.0
cancerspecific,2.0
aplastic,2.0
kallikrein,2.0
myelin,3.0
containing,7.0
autoimmune,31.0
leukemialymphoma,2.0
catenin,8.0
locomotion,2.0
secretion,4.0
supply,2.0
plateletactivating,2.0
fgf,3.0
steroid,7.0
women,2.0
oncogenic,16.0
prkg2s,2.0
kinases,20.0
pharmacokinetics,6.0
suppress,58.0
coa,8.0
face,14.0
localized,3.0
autism,7.0
proteasomeassociated,2.0
energy,9.0
highgrade,4.0
excess,14.0
optimize,22.0
humans,15.0
biosynthesis,4.0
sarcoma,15.0
between,7.0
rho,3.0
hyperphosphatemia,2.0
bladder,8.0
eif4e,3.0
avoid,9.0
metalloproteinase,2.0
cone,2.0
relief,3.0
hyperreactivity,2.0
adjunct,2.0
being,88.0
importance,8.0
light,70.0
depend,39.0
suppressive,7.0
fatty,6.0
lithium,2.0
values,3.0
immunemediated,3.0
adenoma,12.0
max,7.0
probe,3.0
would,8.0
transduction,3.0
discover,65.0
virtual,9.0
life,84.0
widespread,2.0
impede,2.0
fibrosis,13.0
modes,2.0
molecules,47.0
esophageal,4.0
needs,2.0
overexpress,48.0
neurotransmission,3.0
serous,4.0
serving,6.0
pheochromocytoma,2.0
turn,4.0
chimeras,2.0
betacell,3.0
steatotic,2.0
inflammatory,49.0
complexes,2.0
knockdown,3.0
chemotherapy,27.0
sle,9.0
aim,46.0
mrnas,2.0
pri724,2.0
emt,2.0
primarily,87.0
generalized,2.0
pharmacologic,67.0
defect,7.0
initiation,3.0
infertility,5.0
situ,2.0
interventions,7.0
responses,44.0
toxicities,12.0
channel,7.0
arsenic,2.0
hypoxic,2.0
oncology,23.0
mention,11.0
lymphedema,2.0
delivery,6.0
instance,91.0
glands,2.0
cdk4,2.0
progesterone,2.0
docking,2.0
transport,5.0
indication,3.0
family,35.0
pituitary,2.0
blocking,14.0
controlled,3.0
deacetylase,2.0
blood,26.0
joint,2.0
triplenegative,6.0
dystrophy,7.0
antitumor,34.0
enhancing,52.0
medicine,10.0
environment,11.0
parkinson,9.0
highthroughput,4.0
delta,2.0
validation,3.0
p53,5.0
hearing,5.0
properties,28.0
noncompetitive,2.0
overactive,2.0
predisposition,12.0
identify,12.0
cognition,3.0
resistant,15.0
hypoxia,4.0
mass,3.0
concerns,15.0
regimens,2.0
cancerrelated,2.0
urinary,5.0
atpcompetitive,2.0
depletion,3.0
integrity,5.0
vary,11.0
fusion,8.0
comprehensive,6.0
relevance,2.0
demyelinating,2.0
patientderived,3.0
disruption,17.0
secretory,2.0
investigations,5.0
affect,54.0
small,76.0
from,50.0
proliferation,74.0
proteasome,3.0
bcell,16.0
metastatic,6.0
crohn,5.0
targets,15.0
vivo,25.0
promote,24.0
mrna,5.0
disorders,86.0
malformation,5.0
grade,10.0
tissues,16.0
affects,8.0
arresting,2.0
though,43.0
gtp,2.0
example,17.0
centered,5.0
hyperlipidemia,3.0
susceptibility,18.0
widely,4.0
injuries,2.0
alternative,12.0
chemotherapies,5.0
dosedependent,2.0
earlier,3.0
recognition,2.0
synergistic,10.0
less,5.0
leukemia,46.0
continues,6.0
will,31.0
lymphoproliferative,4.0
muscarinic,2.0
new,44.0
pkd,3.0
intestinal,21.0
about,3.0
superior,2.0
makes,38.0
gland,6.0
mll,2.0
cortex,3.0
neoplasia,2.0
renal,16.0
tyrosine,12.0
main,61.0
estrogenrelated,2.0
most,17.0
mental,40.0
monoclonal,5.0
reactivation,3.0
reactivate,2.0
nmethyltransferase,4.0
lymphatic,2.0
nonalcoholic,5.0
canonical,2.0
downregulating,3.0
impairing,5.0
proinflammatory,13.0
brain,32.0
doublehittriplehit,2.0
activates,2.0
regulates,10.0
establish,7.0
altered,6.0
injury,15.0
cytochrome,3.0
aberrations,6.0
exit,5.0
platelets,2.0
longterm,16.0
understand,94.0
parasite,3.0
glaucoma,2.0
wnt,13.0
retardation,5.0
chemotherapeutics,3.0
retinopathy,2.0
bleeding,3.0
cirrhosis,2.0
teratogenic,2.0
nonsyndromic,3.0
learning,3.0
chemotherapyinduced,4.0
lymphoblastic,5.0
capdependent,2.0
dyskinesia,2.0
traumatic,4.0
warrant,2.0
pathological,21.0
slow,4.0
activators,10.0
important,8.0
crohns,2.0
leveraged,2.0
kat,2.0
benefits,49.0
advanced,20.0
syndromes,6.0
holds,4.0
tumorigenic,3.0
playing,10.0
four,2.0
recurrence,6.0
contraction,2.0
increasing,12.0
strong,7.0
pathophysiology,3.0
restoring,4.0
therefore,14.0
ligands,4.0
amyloid,8.0
diabetic,5.0
chloride,2.0
during,14.0
p38,4.0
expand,8.0
showing,45.0
cyclic,8.0
referred,3.0
general,26.0
modify,2.0
sequestering,2.0
possible,5.0
without,36.0
neoplasms,89.0
dual,26.0
findings,7.0
calcification,2.0
information,30.0
excellent,2.0
decreased,12.0
cyp,3.0
robust,3.0
crls,2.0
gbm,2.0
lip,25.0
trafficking,4.0
recently,2.0
nuclear,12.0
disc,66.0
body,12.0
mutant,9.0
abhd,2.0
glycolysis,6.0
normal,59.0
gdc0570,2.0
regulated,32.0
often,28.0
structure,8.0
antimalarial,3.0
benefit,52.0
lissencephaly,2.0
minimize,38.0
hnscc,2.0
demonstrating,28.0
cipn,2.0
nonatp,2.0
regulate,47.0
mediating,2.0
nsclc,5.0
overexpression,29.0
glycoprotein,2.0
casein,3.0
mitigate,22.0
others,53.0
dysregulated,15.0
lactic,2.0
hair,3.0
asos,2.0
xanthomatosis,2.0
reprogramming,5.0
commonly,9.0
skin,15.0
myeloma,22.0
key,51.0
colon,20.0
molecular,10.0
iii,5.0
residue,3.0
nterminal,2.0
carefully,13.0
disturbance,9.0
roles,14.0
engagement,3.0
thrombosis,3.0
ic50,4.0
reduced,29.0
region,7.0
syndromic,5.0
residues,2.0
therapeutics,26.0
cholangiocarcinoma,5.0
expected,3.0
synergistically,4.0
reversing,9.0
ferroptosis,2.0
chemoresistant,3.0
monitor,19.0
compensatory,5.0
ischemia,7.0
hypersensitivity,4.0
peptides,7.0
cgmp,3.0
aggressive,14.0
epithelium,2.0
p11,2.0
enabling,2.0
infant,10.0
preventing,32.0
astrocytoma,2.0
implications,8.0
mapk1,2.0
increased,40.0
conjugates,2.0
option,18.0
beta,17.0
homolog,2.0
proliferative,15.0
tolllike,2.0
decreasing,4.0
fgfr1,2.0
host,3.0
corticosteroid,2.0
serine,21.0
acting,11.0
stemness,3.0
errors,3.0
profiles,46.0
met,96.0
multifaceted,2.0
balance,19.0
malignancy,3.0
set,47.0
different,37.0
faces,3.0
monocytic,2.0
modulator,15.0
demonstrated,75.0
decrease,24.0
oxidation,2.0
contribute,35.0
none,10.0
kallikreinkinin,2.0
predict,4.0
positions,2.0
multiforme,2.0
continued,20.0
recessive,10.0
screening,14.0
malformations,2.0
hemoglobin,3.0
ige,32.0
required,9.0
recent,9.0
another,21.0
earlyphase,4.0
hemolytic,2.0
endocannabinoid,2.0
liver,32.0
susceptible,3.0
amino,10.0
concern,22.0
monotherapies,2.0
oncoprotein,2.0
transformed,2.0
achieve,6.0
patient,52.0
physicochemical,2.0
evaluation,26.0
events,19.0
models,86.0
data,46.0
pdl1,3.0
stressinducible,2.0
lipidlowering,2.0
colonic,13.0
gastrointestinal,16.0
removing,2.0
nash,4.0
fanconi,2.0
results,56.0
axonal,4.0
immunosuppression,3.0
frequently,4.0
statinintolerant,2.0
promyelocytic,2.0
umbralisib,2.0
serotonin,2.0
sensitization,2.0
degeneration,17.0
rearrangements,3.0
enzymatic,5.0
individual,2.0
amplifications,2.0
andor,2.0
oxide,3.0
chinese,2.0
acetylcholine,2.0
folate,2.0
hematopoietic,2.0
genomic,4.0
affecting,38.0
nephropathies,2.0
certain,36.0
among,6.0
computational,3.0
optimized,7.0
impairment,4.0
enzymes,20.0
absorption,4.0
range,46.0
variations,2.0
welldocumented,13.0
bone,19.0
locus,2.0
alterations,4.0
highlight,68.0
antiapoptotic,3.0
psychiatric,12.0
phosphate,9.0
cmyc,3.0
pd1,4.0
impairments,2.0
modulation,31.0
manage,42.0
initially,2.0
adenosine,2.0
multidrug,2.0
gonadotropin,2.0
significantly,13.0
plays,89.0
nonsmallcell,12.0
lowering,3.0
hsp90,2.0
restore,13.0
lymphomas,8.0
diffuse,8.0
parkinsons,8.0
many,12.0
somatic,3.0
desirable,2.0
inflammationrelated,4.0
centrosome,2.0
ventricular,3.0
potentiate,3.0
mcl1,2.0
aid,4.0
apoptosis,53.0
pi3k,15.0
hand,2.0
qtl,2.0
onset,4.0
identifying,5.0
modulates,3.0
synergize,2.0
immunomodulatory,2.0
akt,12.0
proapoptotic,3.0
plans,2.0
gastric,13.0
impair,25.0
mitogenactivated,8.0
genetic,30.0
overview,5.0
color,31.0
determining,7.0
potentially,97.0
likely,6.0
regarding,4.0
embryopathy,2.0
member,14.0
mild,6.0
deficits,5.0
quantitative,2.0
drugdrug,2.0
lack,7.0
hypertrophic,4.0
amelogenesis,2.0
amplified,4.0
dnl104,2.0
there,95.0
neurologic,15.0
cns,3.0
transplant,6.0
catalytic,5.0
chemical,9.0
mutation,22.0
selectivity,37.0
response,60.0
defense,2.0
burkitt,2.0
levels,32.0
infectious,4.0
hdac,2.0
known,34.0
thrombocytopenia,2.0
toxicity,50.0
identification,4.0
microcephaly,5.0
paf,2.0
aggregation,4.0
believed,2.0
furthermore,18.0
mucosal,2.0
virus,15.0
catalyzing,2.0
detailed,57.0
prevents,2.0
necessitating,13.0
percentage,2.0
series,2.0
similar,23.0
extend,12.0
progressed,15.0
proper,31.0
spread,6.0
anorexia,3.0
network,3.0
heart,14.0
understood,8.0
retinoblastoma,4.0
transcriptional,10.0
moving,3.0
transforming,2.0
participate,9.0
death,31.0
alone,5.0
fibrillation,3.0
ectodermal,2.0
acquired,2.0
healing,5.0
wound,4.0
typical,2.0
help,25.0
novel,69.0
gainoffunction,3.0
heightened,2.0
complications,7.0
second,4.0
state,38.0
large,16.0
cullinring,2.0
pharyngeal,2.0
applied,2.0
dors,2.0
emphasizes,2.0
likelihood,3.0
serinethreonineprotein,8.0
loss,12.0
germinoma,2.0
pigmentation,2.0
cerebrotendinous,2.0
advancing,12.0
marrow,3.0
isoenzymes,3.0
ineffective,2.0
microglial,2.0
needed,86.0
dgk,13.0
dualspecificity,2.0
phosphatase,6.0
notably,9.0
pathways,97.0
continue,42.0
graves,2.0
lymphoma,28.0
only,15.0
hemostasis,2.0
orthosteric,2.0
concentration,6.0
ovary,4.0
motif,3.0
gai,36.0
combination,49.0
steps,2.0
glutaminase,2.0
interactions,14.0
glucose,8.0
phosphatidylinositol,3.0
opioids,2.0
encephalomyelitis,2.0
based,19.0
transcription,16.0
memory,7.0
motor,6.0
abnormal,25.0
cases,13.0
crl,3.0
contributes,25.0
poses,3.0
phosphoglycerate,2.0
especially,16.0
leukemic,5.0
prognostic,5.0
conversely,2.0
reversible,4.0
involving,20.0
fgfrdriven,2.0
menin,2.0
paraplegia,3.0
mellitus,14.0
already,11.0
minimizing,17.0
agerelated,5.0
caused,5.0
approval,7.0
resulted,3.0
4egi1,2.0
mutations,20.0
supranuclear,2.0
vulnerability,3.0
apoptotic,8.0
antigens,2.0
pocket,2.0
sinus,2.0
insulin,8.0
supporting,3.0
beta1,2.0
coagulation,2.0
study,7.0
mouse,11.0
reported,16.0
breaks,2.0
kidneys,4.0
occlusion,2.0
activate,24.0
neuropathy,10.0
diverse,5.0
thus,6.0
blockade,9.0
characterized,42.0
mori,22.0
macular,2.0
essential,43.0
pharmacological,65.0
cardioprotective,2.0
mapk,13.0
active,34.0
status,3.0
posing,3.0
following,2.0
control,12.0
nsc,27.0
rodent,2.0
infarct,5.0
beyond,23.0
followed,2.0
nervosa,3.0
lacrimoauriculodentodigital,2.0
despite,7.0
expression,80.0
hyperplasia,3.0
having,2.0
acute,38.0
phagocytosis,2.0
expanding,2.0
careful,64.0
interest,5.0
alter,35.0
effectiveness,16.0
inhibiting,65.0
carcinomas,4.0
isoformselective,2.0
progressing,2.0
numerous,8.0
improves,3.0
misfolded,2.0
model,93.0
acetyl,8.0
overactivated,2.0
dosing,4.0
receiving,3.0
dor,5.0
more,60.0
steatohepatitis,4.0
aiming,7.0
result,64.0
selectively,28.0
specificity,23.0
obesity,13.0
work,27.0
senescence,2.0
highly,12.0
epidermolysis,2.0
severe,20.0
alzheimer,50.0
serum,2.0
pyrimidine,3.0
chaperones,2.0
mechanisms,21.0
safer,6.0
shows,6.0
subtype,5.0
bullosa,2.0
alongside,4.0
angina,2.0
steatosis,3.0
reactivating,2.0
fewer,8.0
cdk,6.0
necessitate,12.0
epilepsy,7.0
cullin,2.0
player,7.0
epidermal,3.0
prognosis,18.0
subsequent,8.0
long,31.0
exposure,2.0
translate,2.0
rhythm,3.0
chronic,27.0
translation,5.0
proteolysis,2.0
diabetes,31.0
upregulation,5.0
viability,10.0
advance,55.0
protumor,2.0
candidate,32.0
antiepileptic,2.0
variant,6.0
telangiectasia,2.0
exacerbate,3.0
bacterial,4.0
versatile,2.0
cd8,2.0
pose,20.0
hepatocellular,10.0
poor,30.0
conducted,2.0
lipids,3.0
osteoblast,2.0
erythematosus,6.0
fracture,3.0
irreversible,3.0
increase,56.0
size,6.0
domain,8.0
oral,15.0
aminotransferase,2.0
modification,6.0
solid,19.0
solubility,2.0
neuroinflammation,9.0
histone,7.0
exhibit,15.0
prkg,2.0
supports,5.0
agents,85.0
eukaryotic,2.0
terminus,2.0
mek,4.0
regulating,33.0
relapsed,3.0
selection,4.0
case,16.0
progresses,3.0
oxygen,8.0
homeostasis,19.0
overall,2.0
potencies,3.0
faced,4.0
broader,20.0
modulated,2.0
nerve,3.0
sickle,2.0
mentioned,5.0
malignancies,31.0
uterine,3.0
prosurvival,2.0
symptom,22.0
motility,4.0
serinethreonine,16.0
schizophrenia,11.0
interacting,5.0
system,44.0
pain,16.0
underscore,11.0
17a,3.0
fetal,4.0
anxiolytic,2.0
aimed,4.0
juvenile,2.0
rheumatoid,15.0
14a,2.0
approach,48.0
deregulation,3.0
center,6.0
markers,9.0
reproductive,2.0
gonadal,2.0
bclxl,2.0
managing,34.0
bind,40.0
cysteine,2.0
when,18.0
hydrocarbon,2.0
encouraging,8.0
airway,2.0
each,7.0
neural,8.0
nat,87.0
morphogenesis,2.0
downstream,6.0
investigated,20.0
cellular,73.0
myc,8.0
cholestasis,2.0
yet,24.0
challenging,5.0
stimuli,3.0
primary,44.0
maturation,4.0
limit,47.0
they,97.0
lysosomes,2.0
pigmentosum,2.0
biological,21.0
nad,12.0
larger,3.0
substantia,2.0
exacerbation,2.0
deficiency,26.0
regulators,3.0
opioid,4.0
insulinoma,2.0
sparing,6.0
progressive,6.0
majority,2.0
acceptable,3.0
accumulation,10.0
fractures,2.0
46xy,2.0
glutamate,4.0
aps,8.0
cdks,2.0
infiltration,6.0
rates,16.0
thrombotic,2.0
relevant,7.0
subunit,7.0
embolic,2.0
targeted,40.0
program,11.0
pathogenic,4.0
selective,71.0
gsk3,4.0
mutants,2.0
membrane,3.0
used,66.0
addictive,2.0
eft508,2.0
mechanical,2.0
cross,13.0
polarization,2.0
glutamine,2.0
ros,95.0
acts,25.0
induce,44.0
narrow,2.0
micromolar,2.0
serve,46.0
neuronal,13.0
explicitly,9.0
fat,13.0
advancement,7.0
pediatric,2.0
hedgehog,4.0
fgfr,3.0
regenerative,2.0
sclerosis,30.0
tumorigenesis,17.0
components,4.0
recruitment,2.0
works,2.0
receptors,16.0
tempered,2.0
repress,6.0
ameliorating,3.0
understanding,18.0
leukocyte,5.0
diarrhea,7.0
ripk1,2.0
occur,8.0
context,31.0
groups,2.0
atp,10.0
down,22.0
support,11.0
erk,6.0
ataxiatelangiectasia,2.0
anemia,10.0
purposes,2.0
aims,16.0
isoform,6.0
derived,12.0
sudden,2.0
favorable,25.0
acids,4.0
lipoprotein,4.0
fibrotic,5.0
hereditary,8.0
consider,43.0
interfering,4.0
asthma,20.0
her2positive,4.0
regulatory,8.0
studied,10.0
th1,2.0
offers,20.0
uses,10.0
inhibitory,13.0
lipase,3.0
familial,9.0
better,4.0
seizure,4.0
obesitymetabolic,2.0
myelination,2.0
concerning,3.0
sleep,3.0
open,10.0
spinal,3.0
largely,6.0
mouth,2.0
refractory,5.0
stat3,3.0
fibroblasts,2.0
arthritis,20.0
synaptic,5.0
suppressing,15.0
optimizing,16.0
moderate,4.0
degradation,18.0
bipolar,11.0
alpha,10.0
differentiate,3.0
organ,8.0
dependence,2.0
thorough,6.0
map,18.0
poisoning,2.0
substrates,5.0
related,65.0
drawn,2.0
head,7.0
inal,39.0
window,9.0
enhance,86.0
assess,10.0
palsy,2.0
might,10.0
neurological,14.0
adrenocortical,5.0
impaired,11.0
expressed,40.0
treatmentrelated,2.0
cystic,6.0
drugs,33.0
antipsychotic,2.0
atrophy,5.0
mediates,4.0
protease,5.0
deletion,8.0
cll,4.0
researchers,2.0
inborn,3.0
leukocytes,3.0
simplex,2.0
tumorassociated,2.0
nature,3.0
conversion,5.0
mors,49.0
pending,10.0
kor,2.0
healthy,4.0
probes,2.0
upregulated,9.0
challenge,46.0
investigation,74.0
win,61.0
far,7.0
challenges,37.0
site,18.0
lysosomal,3.0
forming,3.0
bypass,2.0
obstruction,2.0
processes,86.0
autophagy,10.0
evaluated,29.0
neuropeptide,2.0
process,99.0
biology,7.0
tall,5.0
neoplastic,27.0
explore,82.0
angle,2.0
fever,2.0
ebv,2.0
ongoing,99.0
form,86.0
antipd1,2.0
limited,35.0
wide,13.0
conduction,2.0
trait,3.0
insights,4.0
still,69.0
exploration,10.0
agonists,18.0
induces,4.0
mitosis,4.0
il6,2.0
either,2.0
uptake,3.0
lesion,3.0
bcl2l1,2.0
duct,46.0
stress,24.0
checkpoint,12.0
notable,3.0
ones,13.0
compound,94.0
activating,10.0
receptor,51.0
polycystic,3.0
structural,5.0
good,4.0
mice,7.0
hiv,3.0
atherosclerosis,13.0
cholesterol,11.0
doselimiting,5.0
huntington,2.0
murine,3.0
modulate,68.0
alcoholism,6.0
rapidly,4.0
alanine,2.0
indicates,6.0
facilitated,4.0
linked,61.0
histones,2.0
pressure,6.0
recover,3.0
dementia,4.0
induced,24.0
hyperactivity,2.0
tube,2.0
fluid,2.0
global,4.0
environmental,2.0
providing,13.0
index,3.0
elucidate,24.0
antiviral,3.0
methylation,6.0
focused,21.0
nucleotide,10.0
sensitizing,2.0
classes,2.0
lipofuscinosis,3.0
strategy,32.0
correlate,2.0
syndrome,63.0
increases,2.0
concentrations,4.0
maximizing,5.0
dehydrogenase,8.0
represents,3.0
xlinked,6.0
roca,4.0
aberrant,13.0
impacting,3.0
myotonic,2.0
pas,17.0
changes,5.0
literature,24.0
leading,46.0
presents,4.0
oncogenesis,3.0
pivotal,5.0
aspartate,2.0
male,6.0
sert,7.0
pi3kaktmtor,4.0
cervical,8.0
affinity,13.0
downregulation,4.0
ready,12.0
making,78.0
underlying,4.0
animal,27.0
gprotein,3.0
papillary,2.0
major,11.0
retinitis,6.0
health,16.0
cycles,2.0
neuroinflammatory,2.0
regions,4.0
hcc,6.0
pdac,3.0
carcinoma,70.0
sele,80.0
mutated,2.0
degenerative,44.0
monitoring,17.0
placental,2.0
allergic,3.0
stabilizes,2.0
antagonists,13.0
systemic,14.0
lymph,38.0
history,2.0
level,33.0
regression,5.0
evaluate,41.0
hot,6.0
ifn,4.0
effector,5.0
lenalidomide,2.0
transition,6.0
muscular,5.0
stabilization,4.0
microenvironment,8.0
recognized,2.0
paving,8.0
dme,2.0
mnk,2.0
teratogenicity,2.0
competitively,2.0
17b,5.0
endometriosis,2.0
omim,41.0
nonhodgkin,7.0
precision,3.0
differentiation,21.0
navitoclax,2.0
offtarget,41.0
burden,3.0
osteoclast,3.0
ductal,5.0
higher,6.0
tools,3.0
alzheimers,31.0
camp,5.0
recognize,3.0
arrestin,3.0
muscle,7.0
utility,4.0
phosphatases,4.0
oxidative,14.0
atherosclerotic,2.0
plantderived,2.0
adaptation,2.0
nanoparticles,2.0
pkg,2.0
class,55.0
adverse,79.0
inactivate,2.0
plaque,2.0
simulations,4.0
consequences,9.0
calcium,3.0
stroke,5.0
domaincontaining,2.0
vitro,16.0
iron,13.0
both,24.0
malaria,5.0
killing,2.0
resting,3.0
mp1,2.0
methyl,12.0
tcell,11.0
release,5.0
action,49.0
germ,4.0
prevalent,5.0
p450,2.0
relationships,2.0
fasting,2.0
uncontrolled,2.0
arrest,14.0
viral,12.0
adrenal,6.0
sensitivity,22.0
ulcerative,4.0
acetylation,3.0
driver,2.0
unique,8.0
mediated,18.0
developments,7.0
injection,3.0
warburg,2.0
stabilizing,7.0
lymphocytic,11.0
frequency,3.0
overcome,39.0
iri,9.0
evaluating,2.0
isoforms,3.0
xeroderma,2.0
cheilitis,2.0
mk2,3.0
storage,2.0
vital,6.0
premature,6.0
undergoing,12.0
hormone,8.0
promoting,39.0
antigen,3.0
along,12.0
activator,10.0
issue,40.0
dna,31.0
bronchiolitis,6.0
stronger,2.0
angioedema,2.0
histonelysine,2.0
neutrophil,5.0
nfb,3.0
mapks,2.0
addressed,4.0
type2,2.0
chromosome,14.0
edema,13.0
ameliorate,9.0
apl,7.0
hepatotoxicity,2.0
attractive,13.0
behavior,10.0
ensuring,2.0
halt,2.0
lies,10.0
demethylation,2.0
depressive,4.0
attenuating,4.0
fertility,6.0
dermatitis,7.0
lgk974,2.0
matrix,4.0
antileukemic,2.0
dystrophies,4.0
clinically,7.0
respiratory,6.0
xenograft,4.0
proteins,23.0
myelosuppression,2.0
itch,4.0
serves,3.0
beneficial,39.0
inducing,28.0
well,45.0
immunodeficiency,6.0
adenocarcinomas,2.0
anticancer,22.0
macrophages,5.0
activities,4.0
dyslipidemia,4.0
egfr,6.0
subtypes,3.0
glycogen,2.0
rnas,3.0
limitations,2.0
esophagus,2.0
